{
    "total_runtime": 3360.142337322235,
    "num_documents": 1,
    "input_load_time": 0,
    "workflows": {
        "create_base_text_units": {
            "overall": 0.20389246940612793,
            "0_orderby": 0.00568389892578125,
            "1_zip": 0.0025093555450439453,
            "2_aggregate_override": 0.0040283203125,
            "3_chunk": 0.1558818817138672,
            "4_select": 0.007643461227416992,
            "5_unroll": 0.0039331912994384766,
            "6_rename": 0.0,
            "7_genid": 0.006043195724487305,
            "8_unzip": 0.0020503997802734375,
            "9_copy": 0.004027843475341797,
            "10_filter": 0.012090921401977539
        },
        "create_base_extracted_entities": {
            "overall": 2950.873695373535,
            "0_entity_extract": 2950.8013598918915,
            "1_snapshot": 0.013124465942382812,
            "2_merge_graphs": 0.04658389091491699,
            "3_snapshot_rows": 0.008619070053100586
        },
        "create_summarized_entities": {
            "overall": 80.33052086830139,
            "0_summarize_descriptions": 80.31412625312805,
            "1_snapshot_rows": 0.012355804443359375
        },
        "create_base_entity_graph": {
            "overall": 0.21779942512512207,
            "0_cluster_graph": 0.18515849113464355,
            "1_snapshot_rows": 0.009040355682373047,
            "2_snapshot_rows": 0.010037422180175781,
            "3_select": 0.008007287979125977
        },
        "create_final_entities": {
            "overall": 7.618441820144653,
            "0_unpack_graph": 0.06772899627685547,
            "1_rename": 0.004552364349365234,
            "2_select": 0.0075113773345947266,
            "3_dedupe": 0.010010719299316406,
            "4_rename": 0.006047725677490234,
            "5_filter": 0.020384788513183594,
            "6_text_split": 0.015535593032836914,
            "7_drop": 0.008512496948242188,
            "8_merge": 0.07179474830627441,
            "9_text_embed": 7.368047714233398,
            "10_drop": 0.008027076721191406,
            "11_filter": 0.022281885147094727
        },
        "create_final_nodes": {
            "overall": 0.7999224662780762,
            "0_layout_graph": 0.4641425609588623,
            "1_unpack_graph": 0.08616757392883301,
            "2_unpack_graph": 0.09974431991577148,
            "3_drop": 0.012057304382324219,
            "4_filter": 0.03199577331542969,
            "5_select": 0.012057781219482422,
            "6_snapshot": 0.012040376663208008,
            "7_rename": 0.012048482894897461,
            "8_convert": 0.0323793888092041,
            "9_join": 0.01553964614868164,
            "10_rename": 0.011714935302734375
        },
        "create_final_communities": {
            "overall": 0.4111011028289795,
            "0_unpack_graph": 0.06802892684936523,
            "1_unpack_graph": 0.06911206245422363,
            "2_aggregate_override": 0.012125492095947266,
            "3_join": 0.02112293243408203,
            "4_join": 0.01563096046447754,
            "5_concat": 0.012429237365722656,
            "6_filter": 0.07561635971069336,
            "7_aggregate_override": 0.02005934715270996,
            "8_join": 0.016371965408325195,
            "9_filter": 0.027553081512451172,
            "10_fill": 0.012063741683959961,
            "11_merge": 0.02072882652282715,
            "12_copy": 0.0130615234375,
            "13_select": 0.015119075775146484
        },
        "join_text_units_to_entity_ids": {
            "overall": 0.060677528381347656,
            "0_select": 0.01219320297241211,
            "1_unroll": 0.01558685302734375,
            "2_aggregate_override": 0.020657062530517578
        },
        "create_final_relationships": {
            "overall": 0.2657597064971924,
            "0_unpack_graph": 0.07227969169616699,
            "1_filter": 0.0431971549987793,
            "2_rename": 0.016608238220214844,
            "3_filter": 0.037747859954833984,
            "4_drop": 0.014137744903564453,
            "5_compute_edge_combined_degree": 0.020506858825683594,
            "6_convert": 0.03168010711669922,
            "7_convert": 0.014046907424926758
        },
        "join_text_units_to_relationship_ids": {
            "overall": 0.08851432800292969,
            "0_select": 0.01611924171447754,
            "1_unroll": 0.020102500915527344,
            "2_aggregate_override": 0.020105600357055664,
            "3_select": 0.020101547241210938
        },
        "create_final_community_reports": {
            "overall": 315.5938639640808,
            "0_prepare_community_reports_nodes": 0.031676530838012695,
            "1_prepare_community_reports_edges": 0.020534992218017578,
            "2_restore_community_hierarchy": 0.02361154556274414,
            "3_prepare_community_reports": 0.16346240043640137,
            "4_create_community_reports": 315.3139591217041,
            "5_window": 0.019011497497558594
        },
        "create_final_text_units": {
            "overall": 0.14069771766662598,
            "0_select": 0.0182037353515625,
            "1_rename": 0.017758607864379883,
            "2_join": 0.02362537384033203,
            "3_join": 0.023889780044555664,
            "4_aggregate_override": 0.022502660751342773,
            "5_select": 0.016811847686767578
        },
        "create_base_documents": {
            "overall": 0.22135186195373535,
            "0_unroll": 0.024266958236694336,
            "1_select": 0.020055532455444336,
            "2_rename": 0.019982576370239258,
            "3_join": 0.025135517120361328,
            "4_aggregate_override": 0.02350449562072754,
            "5_join": 0.02654242515563965,
            "6_rename": 0.02168583869934082,
            "7_convert": 0.041993141174316406
        },
        "create_final_documents": {
            "overall": 0.043089866638183594,
            "0_rename": 0.022916555404663086
        }
    }
}